region,iso3,survey_year,variable.x,denominator.x,numerator.x,birth.registration,variable.y,denominator.y,numerator.y,U5M,variable,denominator,numerator,education
ABIM,UGA,2016,registration,42.223512,19.340278,0.458045223713271,mortality,,,,education,82.948576,13.293929,0.160267115375193
ADJUMANI,UGA,2016,registration,131.283011,6.179549,0.0470704392969781,mortality,,,,education,238.561104,26.657542,0.111743035863885
AGAGO,UGA,2016,registration,163.050907,62.754242,0.384875148225946,mortality,,,,education,284.893143,11.331301,0.039773863563996
ALEBTONG,UGA,2016,registration,81.56437,45.724804,0.56059777081586,mortality,,,,education,180.093397,10.033959,0.055715307541231
AMOLATAR,UGA,2016,registration,54.012182,18.204228,0.337039299763894,mortality,,,,education,114.570736,4.168024,0.0363794817552713
AMUDAT,UGA,2016,registration,32.196364,15.813787,0.49116685971124,mortality,,,,education,50.542607,0.462137,0.00914351331343079
AMURIA,UGA,2016,registration,169.201099,66.053514,0.390384662927042,mortality,,,,education,323.657219,26.252554,0.0811122152044444
AMURU,UGA,2016,registration,73.11145,25.836216,0.353381255603603,mortality,,,,education,134.077062,6.054268,0.0451551362305358
APAC,UGA,2016,registration,143.12369,60.199531,0.420611926648901,mortality,,,,education,327.717699,23.793047,0.0726022643043152
ARUA,UGA,2016,registration,318.68623,42.718936,0.134047009185179,mortality,,,,education,691.962067,87.008149,0.125741212054042
Achham,NPL,2017,registration,48.296999,13.504262,0.279608718545846,mortality,,,,education,178.174591,18.754139,0.10525709022113
Arghakhanchi,NPL,2017,registration,60.439515,34.209931,0.566019283907225,mortality,,,,education,227.081237,28.18774,0.124130643167141
BUDAKA,UGA,2016,registration,94.721931,26.690979,0.281782462817402,mortality,,,,education,187.533624,13.630923,0.072685221504598
BUDUDA,UGA,2016,registration,49.49247,5.27243,0.106529942837769,mortality,,,,education,90.824962,1.02144,0.0112462474798503
BUGIRI,UGA,2016,registration,83.054856,6.823946,0.0821619147711243,mortality,,,,education,181.069145,18.033437,0.0995942019828944
BUHWEJU,UGA,2016,registration,60.691056,25.423014,0.418892266432141,mortality,,,,education,132.288926,13.300534,0.100541552510601
BUIKWE,UGA,2016,registration,163.680767,49.656813,0.303375979414857,mortality,,,,education,431.974574,149.278942,0.34557344571859
BUKEDEA,UGA,2016,registration,146.29675,55.388155,0.378601404337417,mortality,,,,education,262.362108,31.248818,0.119105682745925
BUKOMANSIMBI,UGA,2016,registration,58.59425,20.00656,0.341442377025049,mortality,,,,education,124.65848,4.06699,0.0326250568753927
BUKWO,UGA,2016,registration,17.323299,1.649838,0.0952380952380953,mortality,,,,education,28.872165,0.824919,0.0285714285714286
BULAMBULI,UGA,2016,registration,54.158997,4.993704,0.092204514053316,mortality,,,,education,118.416374,4.746542,0.0400834938587125
BULIISA,UGA,2016,registration,36.166008,4.569684,0.126353010816123,mortality,,,,education,72.02711,0.826858,0.0114798164191233
BUNDIBUGYO,UGA,2016,registration,74.399946,35.52545,0.477492954094348,mortality,,,,education,140.001701,5.873148,0.0419505474437057
BUSHENYI,UGA,2016,registration,94.048514,37.958659,0.403607217015678,mortality,,,,education,249.729997,34.697011,0.138938098813976
BUSIA,UGA,2016,registration,175.709447,45.176881,0.257111280988779,mortality,,,,education,340.231655,19.457574,0.0571891936392574
BUTALEJA,UGA,2016,registration,161.291716,40.398609,0.250469211946384,mortality,,,,education,239.765738,6.083763,0.0253737796348534
BUTAMBALA,UGA,2016,registration,47.975042,13.928238,0.290322580645161,mortality,,,,education,66.546026,9.285492,0.13953488372093
BUVUMA,UGA,2016,registration,37.697729,11.476438,0.304433139725738,mortality,,,,education,72.504259,4.736413,0.0653259969183328
BUYENDE,UGA,2016,registration,261.199606,39.87921,0.152677144543625,mortality,,,,education,399.93662,10.773383,0.0269377257826503
Bagerhat,BGD,2014,registration,50.099985,18.740843,0.374068834551547,mortality,1633.115065,115.535782,0.0707456470619234,education,449.375191,84.226703,0.187430691962699
Baglung,NPL,2017,registration,66.973766,34.534937,0.515648724307963,mortality,,,,education,314.240023,49.501265,0.157526926479381
Baitadi,NPL,2017,registration,51.605955,42.401177,0.821633414205783,mortality,,,,education,215.744523,22.725398,0.105334762078757
Bajhang,NPL,2017,registration,39.293705,13.408395,0.341235192761792,mortality,,,,education,130.759074,27.234252,0.208278103896637
Bajura,NPL,2017,registration,38.718681,20.077567,0.51854987002269,mortality,,,,education,125.257557,18.118872,0.14465292501274
Balaka,MWI,2016,registration,456.599368,240.872652,0.527536104692988,mortality,5542.506934,348.423312,0.0628638477405647,education,1176.20797,108.795363,0.0924967061734839
Bandarban,BGD,2014,registration,14.33593,5.734372,0.4,mortality,1376.355021,102.343952,0.0743586868492995,education,117.554626,25.804674,0.219512195121951
Banke,NPL,2017,registration,94.730569,61.437831,0.648553383016205,mortality,,,,education,440.92967,52.274613,0.118555444454441
Bara,NPL,2017,registration,252.41207,100.86935,0.399621737581725,mortality,,,,education,743.873568,92.407022,0.124224096641111
Bardiya,NPL,2017,registration,62.938433,43.854743,0.696787970555289,mortality,,,,education,373.458826,48.053329,0.128671022491781
Barguna,BGD,2014,registration,40.230429,10.999046,0.273401161096244,mortality,1516.643302,109.366288,0.0721107513254953,education,224.833637,27.27867,0.121328242357259
Barisal,BGD,2014,registration,154.586121,31.977829,0.20686093158389,mortality,2095.13261,127.98584,0.0610872263593855,education,1037.041235,325.747043,0.314111948499328
Bhaktapur,NPL,2017,registration,112.487489,45.838429,0.407498019624209,mortality,,,,education,915.945734,295.734182,0.322873038240495
Bhojpur,NPL,2017,registration,20.515792,9.857592,0.480488006507377,mortality,,,,education,122.428332,16.052134,0.131114536462034
Bhola,BGD,2014,registration,109.114167,18.729661,0.1716519633972,mortality,1901.348362,132.941115,0.0699193886070206,education,479.077269,60.561975,0.126413793596206
Blantyre,MWI,2016,registration,724.061813,490.854649,0.677918155863303,mortality,6933.545258,372.826736,0.0537714433420375,education,2355.295583,886.334531,0.376315625689347
Bogra,BGD,2014,registration,130.312313,16.124465,0.123737079242849,mortality,2015.7451,138.823465,0.0688695534966202,education,879.203863,182.35579,0.207410132819219
Boucle de Mouhoun,BFA,2011,registration,1764.134435,1528.171625,0.866244428248463,mortality,11860.982459,1667.229702,0.140564216140032,education,3644.667517,14.416423,0.0039554837122335
Brahamanbaria,BGD,2014,registration,184.688965,30.309218,0.164109523273359,mortality,2298.294622,131.552894,0.0572393516221699,education,634.771944,85.494146,0.134684821545925
Cabo Delgado,MOZ,2011,registration,895.75615,389.853465,0.435222761239206,mortality,6145.111902,624.801065,0.101674481272937,education,2078.357942,37.891923,0.0182316636774976
Cascades,BFA,2011,registration,547.677941,450.309012,0.822214988571176,mortality,6219.574509,1064.056128,0.171081820221024,education,1326.720709,15.723066,0.0118510745278493
Centre,BFA,2011,registration,1290.780169,1189.883433,0.921832750128035,mortality,9410.186185,1145.480231,0.121727690449517,education,4884.783424,567.575072,0.11619247420702
Centre-Est,BFA,2011,registration,1194.17822,932.693851,0.781034049507284,mortality,8766.820825,1032.240453,0.117743988796532,education,2416.710719,19.255875,0.00796780303435233
Centre-Nord,BFA,2011,registration,1171.883042,901.837439,0.769562666817735,mortality,8959.207584,1220.291484,0.136205291880867,education,2553.001145,13.773097,0.00539486518718346
Centre-Ouest,BFA,2011,registration,1172.716436,731.312088,0.623605217382661,mortality,9141.147463,1396.266835,0.152745247864294,education,2471.215375,36.490104,0.0147660557510088
Centre-Sud,BFA,2011,registration,688.617281,602.168639,0.874460539424075,mortality,6686.16781,1030.040141,0.154055382735002,education,1651.393853,11.868659,0.00718705533415837
Chandpur,BGD,2014,registration,130.194131,28.467197,0.218651922182268,mortality,1904.843437,131.13746,0.0688442196627628,education,553.891052,112.503485,0.203114826632007
Chikwawa,MWI,2016,registration,566.672265,305.890437,0.539801320609894,mortality,6031.188282,329.527473,0.0546372385659838,education,1554.599363,129.704002,0.0834324296580842
Chiradzulu,MWI,2016,registration,336.394361,261.45108,0.777216000954308,mortality,5134.210022,297.208809,0.0578879336307758,education,1022.748132,87.915578,0.0859601452686887
Chitawan,NPL,2017,registration,101.854961,30.640202,0.300821891238071,mortality,,,,education,604.774429,147.565413,0.244000747921834
Chitipa,MWI,2016,registration,177.932872,146.275376,0.822081801725765,mortality,4338.162853,231.692535,0.0534079846356566,education,513.778466,68.884841,0.134074986708376
Chittagong,BGD,2014,registration,493.788584,127.979219,0.259178164799371,mortality,3953.634809,266.353335,0.0673692305606165,education,2411.846658,525.773351,0.217996177018979
Chuadanga,BGD,2014,registration,43.8477,5.480754,0.124995244904522,mortality,1574.045671,113.350352,0.0720121112673865,education,346.010414,52.197708,0.150855887245058
Comilla,BGD,2014,registration,325.541508,44.691673,0.137284100189153,mortality,2793.774864,160.159115,0.0573271372234667,education,1301.264725,232.505118,0.178676262818083
Cox's Bazar,BGD,2014,registration,158.717076,16.340845,0.102955809241345,mortality,2134.656833,174.179197,0.0815958772891905,education,595.052794,68.037498,0.114338590938538
DOKOLO,UGA,2016,registration,73.279812,29.230221,0.398885043536957,mortality,,,,education,182.094623,24.892579,0.136701340159835
Dadeldhura,NPL,2017,registration,13.985172,9.37951,0.670675340996879,mortality,,,,education,118.845931,14.565909,0.122561276414251
Dailekh,NPL,2017,registration,51.425973,24.356181,0.473616337798801,mortality,,,,education,185.234186,30.883239,0.16672537433236
Dang,NPL,2017,registration,89.832902,45.840465,0.510285919517551,mortality,,,,education,487.944749,95.38317,0.195479447612623
Darchula,NPL,2017,registration,36.268592,23.381512,0.644676584081345,mortality,,,,education,176.876377,31.751666,0.179513321894874
Dedza,MWI,2016,registration,747.71179,636.887443,0.851781998783248,mortality,7171.221565,492.896944,0.0687326335593426,education,2104.985176,92.66965,0.0440238967269573
Dhading,NPL,2017,registration,33.724614,29.735092,0.881702960336329,mortality,,,,education,243.409862,42.432439,0.174325060830937
Dhaka,BGD,2014,registration,767.065305,164.183402,0.214040970084027,mortality,4928.142805,224.871053,0.0456299790606413,education,4166.113069,1294.795106,0.310792118349969
Dhankuta,NPL,2017,registration,29.653523,22.899881,0.7722482418025,mortality,,,,education,196.445893,41.372566,0.210605400643321
Dhanusa,NPL,2017,registration,158.446301,61.243354,0.386524353130844,mortality,,,,education,629.647371,126.938079,0.201601856604909
Dinajpur,BGD,2014,registration,244.437263,54.939797,0.224760318151656,mortality,2553.585903,132.464843,0.0518740500738111,education,1506.669493,230.620419,0.153066362643874
Dolakha,NPL,2017,registration,24.744486,24.744486,1,mortality,,,,education,99.1889,5.398622,0.0544276829362963
Dolpa,NPL,2017,registration,8.90022,8.26449,0.928571428571428,mortality,,,,education,40.05099,5.72157,0.142857142857143
Doti,NPL,2017,registration,30.975805,17.145939,0.553526825210838,mortality,,,,education,159.172931,20.490516,0.128731159696996
Dowa,MWI,2016,registration,724.858833,452.177837,0.623815033236961,mortality,6868.547418,381.532384,0.0555477542456998,education,2274.688119,197.312977,0.0867428705288806
Est,BFA,2011,registration,1624.225283,1163.099725,0.716095074478655,mortality,11366.18291,1967.76172,0.173124234897607,education,2860.838232,5.878235,0.0020547247076919
Faridpur,BGD,2014,registration,63.11575,19.158487,0.303545264058496,mortality,1697.173382,123.949534,0.0730329236332555,education,350.332916,67.528657,0.192755673006758
Feni,BGD,2014,registration,83.450083,25.228434,0.302317662164578,mortality,1682.298629,112.026765,0.0665914856428264,education,362.63503,63.526984,0.17518159787266
GOMBA,UGA,2016,registration,46.998861,3.725682,0.0792717508622177,mortality,,,,education,101.736087,0.630336,0.00619579559807524
GULU,UGA,2016,registration,239.558054,122.956574,0.513264204425371,mortality,,,,education,565.786496,112.583026,0.198985000165151
Gaibandha,BGD,2014,registration,108.623373,23.126106,0.212901748134814,mortality,1905.560639,138.736389,0.0728060740553531,education,630.164717,107.902126,0.171228447244215
Gaza,MOZ,2011,registration,587.460345,182.11262,0.30999985199001,mortality,4640.79257,420.791933,0.0906724286106155,education,1296.530865,57.108604,0.0440472383200843
Gazipur,BGD,2014,registration,139.076145,21.975403,0.158009865746566,mortality,1975.672363,144.028186,0.0729008456550445,education,713.700993,173.275455,0.242784382674945
Gopalganj,BGD,2014,registration,62.716029,24.302461,0.387499996213089,mortality,1642.712911,111.428899,0.0678322415644544,education,360.617167,64.283931,0.178260872977242
Gorkha,NPL,2017,registration,31.152974,24.607131,0.789880638683164,mortality,,,,education,269.69449,29.376753,0.108926040721114
Gulmi,NPL,2017,registration,64.020936,40.900937,0.638868150881143,mortality,,,,education,337.256846,68.705521,0.203718684482983
HOIMA,UGA,2016,registration,215.527546,61.544344,0.28555210293166,mortality,,,,education,505.239078,67.391727,0.133385816605421
Habiganj,BGD,2014,registration,98.404701,26.732046,0.27165415603468,mortality,1861.484909,143.096405,0.0768721810787454,education,412.21013,34.207857,0.0829864540204289
Hauts Basins,BFA,2011,registration,1617.17799,1493.303964,0.923401118017937,mortality,10869.549755,1555.754866,0.143129651279654,education,3865.866498,107.531993,0.0278157543866638
Humla,NPL,2017,registration,13.45575,11.620875,0.863636363636364,mortality,,,,education,42.202125,4.893,0.115942028985507
IBANDA,UGA,2016,registration,97.979512,9.551747,0.0974871869131171,mortality,,,,education,228.186174,32.449021,0.142204150370653
IGANGA,UGA,2016,registration,224.432909,26.213745,0.116799916361642,mortality,,,,education,438.592144,52.847072,0.120492518443285
ISINGIRO,UGA,2016,registration,223.513267,20.981784,0.0938726558902654,mortality,,,,education,445.963954,20.084808,0.0450368416995424
Ilam,NPL,2017,registration,65.286909,42.62732,0.652922931303119,mortality,,,,education,385.233097,82.627676,0.214487479511658
Inhambane,MOZ,2011,registration,591.457307,256.572338,0.433796886036273,mortality,4824.085287,319.10638,0.0661485776090924,education,1496.523029,43.412143,0.0290086702033638
JINJA,UGA,2016,registration,215.125538,19.634481,0.0912698751740019,mortality,,,,education,521.803697,93.95215,0.180052672183348
Jajarkot,NPL,2017,registration,45.66004,19.498116,0.427028009611906,mortality,,,,education,154.580903,34.907524,0.225820417157222
Jamalpur,BGD,2014,registration,141.2303,22.304594,0.157930656523423,mortality,2177.077498,154.079529,0.0707735618697759,education,923.88898,72.64369,0.0786281594136993
Jessore,BGD,2014,registration,132.945221,34.417095,0.258881776577738,mortality,1971.136619,130.462877,0.0661866233636239,education,817.785442,147.336687,0.180165455916737
Jhalokati,BGD,2014,registration,28.114935,7.884126,0.280424834700845,mortality,1463.129508,110.348339,0.0754193927445553,education,148.471083,42.09909,0.283550770623799
Jhapa,NPL,2017,registration,129.94428,77.873285,0.599282130771743,mortality,,,,education,689.478532,161.158594,0.233739828755103
Jhenaidah,BGD,2014,registration,66.078473,11.388351,0.172345856115652,mortality,1706.907696,114.72274,0.0672108634045318,education,458.096909,44.97454,0.0981769121694729
Joypurhat,BGD,2014,registration,38.56187,6.148534,0.159445950105635,mortality,1497.522013,99.861407,0.0666844334394436,education,289.179262,38.358458,0.132645950247982
Jumla,NPL,2017,registration,38.752018,36.439833,0.940333816938256,mortality,,,,education,115.367901,16.599277,0.143881243015767
KAABONG,UGA,2016,registration,63.075038,28.683909,0.454758489404319,mortality,,,,education,143.347376,1.192136,0.0083164131305759
KABALE,UGA,2016,registration,226.512573,136.994306,0.604797800782564,mortality,,,,education,643.006786,78.328326,0.12181570662304
KABAROLE,UGA,2016,registration,254.962724,130.766112,0.512883255828409,mortality,,,,education,604.530102,39.631854,0.0655581150862195
KABERAMAIDO,UGA,2016,registration,100.116207,56.428401,0.563629033608914,mortality,,,,education,209.20117,11.476002,0.0548562993218441
KALANGALA,UGA,2016,registration,30.522422,8.266709,0.270840531593463,mortality,,,,education,77.377977,6.398364,0.0826897296630022
KALIRO,UGA,2016,registration,70.873332,3.6612,0.0516583586051803,mortality,,,,education,100.230531,2.418267,0.0241270496711227
KALUNGU,UGA,2016,registration,64.168091,31.637955,0.493048094573984,mortality,,,,education,124.322211,11.094287,0.0892381732174953
KAMPALA,UGA,2016,registration,547.062449,188.210442,0.344038312891039,mortality,,,,education,1777.309399,663.866508,0.373523320347894
KAMULI,UGA,2016,registration,260.964245,140.727149,0.539258353189342,mortality,,,,education,559.301983,58.608084,0.104787906679029
KAMWENGE,UGA,2016,registration,122.115284,41.429532,0.339265738431235,mortality,,,,education,260.406004,19.227792,0.0738377445398686
KANUNGU,UGA,2016,registration,82.076915,53.207852,0.648268176258818,mortality,,,,education,271.335023,28.977535,0.106796146990579
KAPCHORWA,UGA,2016,registration,65.579178,22.864306,0.348651915094148,mortality,,,,education,165.772538,17.467116,0.105367971141276
KASESE,UGA,2016,registration,411.361903,162.632473,0.395351324014076,mortality,,,,education,802.712315,66.418751,0.0827429077128336
KATAKWI,UGA,2016,registration,71.307028,26.43466,0.370716053402198,mortality,,,,education,118.125718,5.240948,0.0443675440770654
KAYUNGA,UGA,2016,registration,147.375672,61.758412,0.419054319901591,mortality,,,,education,294.628864,8.275703,0.0280885684031284
KIBAALE,UGA,2016,registration,342.854597,127.143226,0.370837162787116,mortality,,,,education,589.252975,28.305627,0.0480364600619963
KIBOGA,UGA,2016,registration,74.78074,15.09818,0.201899312577008,mortality,,,,education,166.07998,4.351914,0.0262037242538204
KIBUKU,UGA,2016,registration,115.316121,29.168098,0.252940332601025,mortality,,,,education,205.628789,11.805673,0.0574125493682696
KIRUHURA,UGA,2016,registration,207.066236,35.883604,0.173295292816353,mortality,,,,education,362.891224,29.317352,0.0807882639785194
KIRYANDONGO,UGA,2016,registration,199.15449,68.360898,0.343255620297589,mortality,,,,education,374.491903,30.094624,0.0803612141114837
KISORO,UGA,2016,registration,128.761472,89.594699,0.695819157767939,mortality,,,,education,258.184602,18.082555,0.0700373099709486
KITGUM,UGA,2016,registration,95.869544,39.824979,0.415408036153797,mortality,,,,education,209.306478,19.562367,0.0934627880939261
KOBOKO,UGA,2016,registration,67.629866,49.642666,0.734034664507542,mortality,,,,education,124.828454,4.317459,0.0345871382817895
KOLE,UGA,2016,registration,98.587126,48.901253,0.496020677182536,mortality,,,,education,221.833173,12.804943,0.0577233009239786
KOTIDO,UGA,2016,registration,110.148586,39.111494,0.355079401563993,mortality,,,,education,187.902535,,
KUMI,UGA,2016,registration,101.173603,34.394277,0.339953070565254,mortality,,,,education,224.818854,23.812202,0.105917282186662
KWEEN,UGA,2016,registration,64.719348,0.79067,0.012216903050383,mortality,,,,education,132.649156,0.79067,0.00596061086133107
KYANKWANZI,UGA,2016,registration,55.997416,19.795765,0.353512115630478,mortality,,,,education,109.750135,9.145386,0.0833291549026341
KYEGEGWA,UGA,2016,registration,157.935748,48.178822,0.305053305601212,mortality,,,,education,322.668623,15.273715,0.0473356065984761
KYENJOJO,UGA,2016,registration,198.598569,64.585986,0.325208717893632,mortality,,,,education,383.006076,18.056094,0.0471431006749877
Kailali,NPL,2017,registration,112.095225,55.282198,0.493171747503072,mortality,,,,education,657.862944,100.826875,0.153264256513588
Kalikot,NPL,2017,registration,22.638606,17.893405,0.790393410265632,mortality,,,,education,83.338236,20.061396,0.240722589808596
Kanchanpur,NPL,2017,registration,70.800433,43.182657,0.609920803732938,mortality,,,,education,397.023855,95.436833,0.240380601311727
Kapilbastu,NPL,2017,registration,148.700113,80.835118,0.543611678358308,mortality,,,,education,576.066854,105.689536,0.18346748344594
Karonga,MWI,2016,registration,353.544793,271.640901,0.768335176697115,mortality,5232.704434,293.883151,0.0561627652978957,education,996.109309,148.691671,0.149272443954241
Kaski,NPL,2017,registration,61.327544,31.411652,0.512194846739664,mortality,,,,education,542.902779,206.832668,0.380975519007244
Kasungu,MWI,2016,registration,798.440065,578.782003,0.72489098226803,mortality,7145.764049,413.226877,0.0578282286073843,education,1975.52501,230.460825,0.116658014367533
Kathmandu,NPL,2017,registration,208.19261,121.406525,0.583145218266873,mortality,,,,education,1676.004985,934.003796,0.557279843651539
Kavrepalanchok,NPL,2017,registration,60.444908,46.073149,0.762233751766154,mortality,,,,education,412.148583,69.482283,0.16858551955764
Khagrachhari,BGD,2014,registration,40.698098,18.528964,0.455278376891225,mortality,1531.401384,127.029833,0.0829500575924777,education,279.223292,36.768896,0.131682768069363
Khotang,NPL,2017,registration,61.139464,29.309223,0.479383054453994,mortality,,,,education,261.334437,38.294312,0.14653373829948
Khulna,BGD,2014,registration,118.528105,31.428524,0.265156723799811,mortality,1856.784347,118.381704,0.0637563022282415,education,682.500855,135.022106,0.197834339709362
Kishoreganj,BGD,2014,registration,179.704021,54.408887,0.302769446655843,mortality,2228.591564,148.640545,0.0666970778320688,education,705.385697,102.805066,0.145743054384614
Kurigram,BGD,2014,registration,123.352845,16.123375,0.130709388988961,mortality,1925.324776,120.214297,0.0624384511634208,education,679.937162,102.434034,0.150652206887318
Kushtia,BGD,2014,registration,86.44453,14.102857,0.163143428508432,mortality,1781.130707,125.937434,0.0707064526511473,education,579.441661,88.998424,0.153593415852092
LAMWO,UGA,2016,registration,107.250561,52.344775,0.488060617230711,mortality,,,,education,215.998125,31.027981,0.143649307140976
LIRA,UGA,2016,registration,155.749413,104.674711,0.67207130340838,mortality,,,,education,371.462925,58.407707,0.157236975937774
LUUKA,UGA,2016,registration,73.38464,4.11857,0.0561230524534835,mortality,,,,education,127.18868,4.65948,0.0366343923059819
LUWERO,UGA,2016,registration,184.881056,67.552852,0.365385472484536,mortality,,,,education,327.435693,20.828207,0.0636100689242819
LWENGO,UGA,2016,registration,107.994665,52.041648,0.481890915629953,mortality,,,,education,245.194936,84.483481,0.344556385944284
LYANTONDE,UGA,2016,registration,51.606932,9.92441,0.192307692307692,mortality,,,,education,127.032448,5.954646,0.046875
Lakshmipur,BGD,2014,registration,109.808165,19.504682,0.177625060941506,mortality,1885.37627,129.811222,0.0688516261000782,education,426.588625,50.39353,0.118131443378266
Lalitpur,NPL,2017,registration,43.554506,27.055604,0.621189550399217,mortality,,,,education,494.381402,181.597141,0.367321950755745
Lalmonirhat,BGD,2014,registration,65.693547,16.440916,0.250266833666327,mortality,1634.3089,119.532652,0.0731395711055603,education,328.57543,32.852429,0.0999844358417183
Lamjung,NPL,2017,registration,47.448445,27.89327,0.587864786717457,mortality,,,,education,211.937309,34.628756,0.163391505551295
Likoma,MWI,2016,registration,11.359263,7.835728,0.689809541340842,mortality,3521.218501,189.029394,0.0536829492251949,education,39.326714,8.221083,0.209045764667752
Lilongwe,MWI,2016,registration,790.264698,698.481841,0.883858082953365,mortality,7308.038844,457.43368,0.0625932195715625,education,3064.690272,1553.915116,0.507038225101267
MANAFWA,UGA,2016,registration,175.046875,12.58526,0.0718965134339016,mortality,,,,education,338.66514,23.326841,0.0688787780165387
MARACHA,UGA,2016,registration,111.051933,28.103857,0.253069498574149,mortality,,,,education,240.551638,16.779933,0.0697560537916603
MASAKA,UGA,2016,registration,163.743414,57.078177,0.34858303980397,mortality,,,,education,394.067459,93.65301,0.237657304253585
MASINDI,UGA,2016,registration,133.870216,54.343032,0.405938181200813,mortality,,,,education,310.145982,22.960814,0.0740322794186642
MAYUGE,UGA,2016,registration,210.068873,7.640126,0.0363696243564843,mortality,,,,education,391.53292,27.618171,0.0705385667187321
MBALE,UGA,2016,registration,238.041677,22.548519,0.0947250888339188,mortality,,,,education,621.47813,93.65856,0.150702905667815
MBARARA,UGA,2016,registration,226.141393,23.860522,0.105511519512043,mortality,,,,education,597.468069,96.157887,0.160942303010339
MITOOMA,UGA,2016,registration,59.363835,12.230229,0.206021544935566,mortality,,,,education,139.923688,8.602162,0.0614775248062358
MITYANA,UGA,2016,registration,187.636766,39.888911,0.212585794619803,mortality,,,,education,395.700945,22.330474,0.0564327032375422
MOROTO,UGA,2016,registration,60.807681,36.986522,0.608254111844851,mortality,,,,education,121.128314,1.094361,0.00903472494465662
MOYO,UGA,2016,registration,65.60866,18.522503,0.282317959245014,mortality,,,,education,134.648125,12.950662,0.0961815249933855
MPIGI,UGA,2016,registration,144.630874,69.871941,0.483105294655137,mortality,,,,education,323.947754,45.864844,0.141580990865583
MUBENDE,UGA,2016,registration,301.06188,68.701345,0.228196758088404,mortality,,,,education,593.603776,74.267187,0.12511238978372
MUKONO,UGA,2016,registration,404.32281,137.906222,0.341079500313129,mortality,,,,education,999.417225,196.99675,0.197111621725351
Machinga,MWI,2016,registration,846.014873,606.742929,0.717177615150508,mortality,6937.183753,444.202585,0.0640321203554546,education,1649.71552,82.083981,0.0497564458871066
Madaripur,BGD,2014,registration,52.086504,7.647832,0.146829435893797,mortality,1610.936244,113.409041,0.0703994595828338,education,253.844432,19.428672,0.0765377118848918
Magura,BGD,2014,registration,30.812192,4.123512,0.133827284991603,mortality,1508.623998,103.343622,0.0685019077894849,education,209.161336,31.061286,0.148503956773349
Mahottari,NPL,2017,registration,171.976121,65.936149,0.383402931852382,mortality,,,,education,606.899911,61.20804,0.100853598576323
Makwanpur,NPL,2017,registration,74.162417,42.949332,0.579125300082925,mortality,,,,education,461.866982,93.342592,0.202098430149311
Mangochi,MWI,2016,registration,1367.530577,799.619256,0.584717643209231,mortality,9337.753901,590.691647,0.0632584295176961,education,2844.126223,176.771622,0.0621532267346209
Manica,MOZ,2011,registration,771.564315,515.704091,0.668387691050745,mortality,5574.401731,542.182428,0.0972628910085275,education,1499.500407,87.089615,0.0580790872702978
Manikganj,BGD,2014,registration,75.971706,14.490742,0.190738667893018,mortality,1699.358921,127.888177,0.0752567191189624,education,552.559215,141.881545,0.256771656590688
Maputo cidade,MOZ,2011,registration,375.681536,206.729772,0.550279298261813,mortality,3802.716152,294.583736,0.077466664411717,education,1503.233726,323.031769,0.214891246392911
Maputo provincia,MOZ,2011,registration,612.709552,349.117416,0.569792677232491,mortality,4882.588277,401.066479,0.0821421869399208,education,1820.035317,130.958433,0.0719537867077554
Maulvibazar,BGD,2014,registration,109.481427,35.967627,0.328527203066142,mortality,1937.8849,140.533669,0.0725191000765835,education,550.382301,87.297831,0.158613078293737
Mchinji,MWI,2016,registration,589.389823,457.399125,0.776055349364253,mortality,6247.773544,500.172021,0.0800560419607936,education,1453.333473,112.617279,0.0774889459936082
Meherpur,BGD,2014,registration,33.870276,4.30984,0.12724549395464,mortality,1527.455069,109.010905,0.0713676671820977,education,260.128592,39.685524,0.152561176358499
Morang,NPL,2017,registration,161.938557,106.314989,0.65651436550716,mortality,,,,education,1043.459817,320.760241,0.307400664380352
Mugu,NPL,2017,registration,18.965659,17.159154,0.904748630142512,mortality,,,,education,71.675655,17.175015,0.239621319121534
Mulange,MWI,2016,registration,753.123707,431.690969,0.573200610985414,mortality,7391.714435,585.52351,0.0792134916938251,education,2072.619379,150.083474,0.0724124629542027
Munshiganj,BGD,2014,registration,59.50183,16.318228,0.274247497934097,mortality,1582.635055,99.842796,0.063086430244653,education,274.225824,46.801834,0.170668952024008
Mwanza,MWI,2016,registration,117.124238,97.437088,0.831912246891203,mortality,4039.014709,216.135996,0.0535120596412763,education,351.729172,37.041366,0.105312180361315
Myagdi,NPL,2017,registration,15.373376,9.36628,0.60925329608799,mortality,,,,education,88.52588,27.992016,0.316201499493707
Mymensingh,BGD,2014,registration,273.20286,29.627447,0.108444864010574,mortality,2698.469651,175.139834,0.0649033921634422,education,1216.908665,145.794274,0.1198070801805
Mzimba,MWI,2016,registration,914.587053,659.69315,0.721301649565337,mortality,7659.630011,396.438766,0.051756908026977,education,2414.077213,225.83054,0.0935473558111084
NAKAPIRIPIRIT,UGA,2016,registration,69.369099,26.002609,0.374844266032632,mortality,,,,education,135.665542,10.639361,0.0784234584784985
NAKASEKE,UGA,2016,registration,100.842765,17.454104,0.173082362428281,mortality,,,,education,286.042711,21.948758,0.0767324499312272
NAKASONGOLA,UGA,2016,registration,86.347295,20.463193,0.236987076433605,mortality,,,,education,182.617863,11.018874,0.0603384237389746
NAMAYINGO,UGA,2016,registration,113.144346,11.238959,0.0993329264548491,mortality,,,,education,196.568609,11.571395,0.0588669526577359
NAMUTUMBA,UGA,2016,registration,131.432956,4.782113,0.0363844285751285,mortality,,,,education,256.231075,11.723692,0.04575437229852
NAPAK,UGA,2016,registration,55.363794,15.526026,0.28043645274744,mortality,,,,education,105.923167,1.966818,0.0185683458652629
NEBBI,UGA,2016,registration,192.385073,86.680517,0.450557393296308,mortality,,,,education,379.803791,30.747472,0.080956200882155
NGORA,UGA,2016,registration,123.562389,42.565855,0.344488766723343,mortality,,,,education,203.700714,19.100582,0.0937678696599954
NTOROKO,UGA,2016,registration,46.808734,25.341468,0.541383323889939,mortality,,,,education,85.438992,5.211414,0.0609957336575319
NTUNGAMO,UGA,2016,registration,184.156249,25.606831,0.139049481834309,mortality,,,,education,403.455278,31.769532,0.078743627193297
NWOYA,UGA,2016,registration,55.404971,30.579529,0.551927533722561,mortality,,,,education,101.575978,5.078407,0.0499961418043152
Nampula,MOZ,2011,registration,1682.671673,993.632292,0.590508717739613,mortality,8932.321683,568.168488,0.0636081534189861,education,3867.715218,121.653486,0.0314535789589253
Naogaon,BGD,2014,registration,121.552919,22.933244,0.18866880523042,mortality,1868.956726,131.661748,0.0704466540976508,education,761.865051,113.976454,0.149601893209825
Narail,BGD,2014,registration,28.138378,3.115844,0.110732892990492,mortality,1521.448103,112.584463,0.0739982275951479,education,235.55937,21.570346,0.0915707407436181
Narayanganj,BGD,2014,registration,182.33993,44.499869,0.244048952963841,mortality,2260.282611,142.264015,0.0629408085111353,education,999.235654,179.508381,0.179645692466454
Narsingdi,BGD,2014,registration,136.788871,42.076178,0.307599424517511,mortality,2063.752892,123.803523,0.0599895091509822,education,673.378368,128.445994,0.190748619355708
Natore,BGD,2014,registration,82.120777,15.531226,0.1891266323503,mortality,1708.955588,117.790021,0.0689251504410658,education,533.840965,92.847481,0.173923484871567
Nawabganj,BGD,2014,registration,100.032099,13.078657,0.130744602290111,mortality,1816.375745,119.577895,0.0658332370541537,education,445.980731,49.159672,0.110228242125555
Nawalparasi,NPL,2017,registration,115.618937,64.793103,0.560402168374892,mortality,,,,education,684.341064,120.853533,0.176598394218237
Neno,MWI,2016,registration,195.853736,133.185618,0.68002592506073,mortality,4386.916711,264.063923,0.060193511843494,education,452.456517,41.477789,0.0916724313642718
Netrakona,BGD,2014,registration,194.408429,40.106769,0.206301595081559,mortality,2306.840312,180.247302,0.0781360118697284,education,657.125447,56.333576,0.0857272781889392
Niassa,MOZ,2011,registration,683.068679,240.065705,0.351451782786252,mortality,4966.889315,421.304056,0.0848225175317803,education,1379.319255,54.525056,0.0395304102384912
Nilphamari,BGD,2014,registration,70.169833,14.872291,0.211947077029526,mortality,1721.298527,113.372973,0.0658647940619541,education,498.078578,104.272676,0.209349850818117
Nkhata Bay,MWI,2016,registration,262.350589,205.016201,0.781458893541878,mortality,4568.062206,263.442499,0.057670514787206,education,698.785313,88.547181,0.126715858723264
Nkhotakota,MWI,2016,registration,409.847873,204.977956,0.500131803782717,mortality,5351.964328,294.641679,0.0550529975430733,education,1053.956847,137.334791,0.130303998110465
Noakhali,BGD,2014,registration,215.533686,67.555921,0.31343555735413,mortality,2363.848968,172.277853,0.0728802285307426,education,785.501703,100.293815,0.127681219043773
Nord,BFA,2011,registration,1135.14197,798.3985,0.703346824538608,mortality,8900.69033,1378.519291,0.154877794855267,education,2427.657464,15.905548,0.00655180899112215
North Central,NGA,2013,registration,4197.04011,1206.255137,0.287406149425625,mortality,39282.493361,3426.347595,0.0872232717896086,education,11900.935521,4166.42289,0.350092048028331
North East,NGA,2013,registration,5189.162172,1133.516987,0.218439306660389,mortality,45225.459161,5387.006526,0.119114468397603,education,10159.837745,1926.683871,0.189637267775087
North West,NGA,2013,registration,10989.044445,2236.728214,0.203541647792471,mortality,75666.204188,11143.595772,0.147273090960301,education,20881.07568,3681.29337,0.176298071345336
Nsanje,MWI,2016,registration,321.367091,215.345859,0.670093065005216,mortality,4845.37754,262.363495,0.0541471728124616,education,756.802447,77.067614,0.101833198750215
Ntcheu,MWI,2016,registration,662.705115,374.4865,0.565087686097006,mortality,6607.124243,421.818948,0.0638430476688707,education,1789.864119,189.632436,0.105947951013146
Ntchisi,MWI,2016,registration,354.938675,214.502974,0.604338126860929,mortality,5176.879939,321.007529,0.0620079145706454,education,920.646435,95.187122,0.103391615262161
Nuwakot,NPL,2017,registration,30.826675,28.518053,0.925109600694853,mortality,,,,education,298.953831,61.221301,0.204785136203857
OTUKE,UGA,2016,registration,96.549813,79.420399,0.822584700397089,mortality,,,,education,199.303396,12.115928,0.0607913775839525
OYAM,UGA,2016,registration,157.753341,80.965765,0.513242790845235,mortality,,,,education,347.937522,34.342928,0.098704295537289
Okhaldhunga,NPL,2017,registration,23.377242,13.630995,0.583088244541422,mortality,,,,education,186.600486,23.210262,0.124384788579811
PADER,UGA,2016,registration,66.835222,21.352373,0.3194778495686,mortality,,,,education,143.454634,28.857237,0.201159322605082
PALLISA,UGA,2016,registration,210.743739,41.4181,0.196533003526145,mortality,,,,education,424.745324,20.133624,0.0474016377870707
Pabna,BGD,2014,registration,142.685099,16.224796,0.113710514368428,mortality,2006.304278,127.831621,0.0637149720517119,education,733.264465,112.081932,0.152853352848621
Palpa,NPL,2017,registration,30.157733,15.416685,0.511201720633312,mortality,,,,education,202.882012,31.041959,0.153004984000257
Panchagarh,BGD,2014,registration,53.960083,4.402367,0.0815856232096604,mortality,1591.606207,111.680956,0.0701687110221228,education,291.904084,30.002244,0.102781172462116
Panchthar,NPL,2017,registration,30.641813,19.352724,0.631578947368421,mortality,,,,education,122.567252,25.803632,0.210526315789474
Parbat,NPL,2017,registration,20.87205,13.734184,0.658017971401947,mortality,,,,education,133.040658,26.163908,0.196660993664057
Parsa,NPL,2017,registration,157.380824,79.795423,0.507021255651832,mortality,,,,education,598.006619,101.603909,0.169904321744639
Patuakhali,BGD,2014,registration,92.584951,17.316453,0.187033128094435,mortality,1814.678675,130.739071,0.0720453008023583,education,507.564597,82.546569,0.162632637279861
Phalombe,MWI,2016,registration,512.856569,218.10601,0.425276818478267,mortality,6029.657349,417.250853,0.0691997619183451,education,1216.685422,67.594155,0.0555559833115186
Pirojpur,BGD,2014,registration,54.8204,6.519801,0.118930197517712,mortality,1608.058802,111.121686,0.0691029991327394,education,316.071409,34.90046,0.110419541300555
Plateau Central,BFA,2011,registration,655.445793,602.092876,0.918600565340725,mortality,6802.709317,1048.111159,0.154072606980393,education,1616.062673,10.819044,0.00669469333136438
Pyuthan,NPL,2017,registration,44.128903,24.118048,0.546536314306295,mortality,,,,education,224.638871,26.763745,0.11914120152429
RAKAI,UGA,2016,registration,231.913041,35.894391,0.154775215939668,mortality,,,,education,460.862714,37.552911,0.0814839427430877
RUBIRIZI,UGA,2016,registration,47.293884,16.701762,0.353148453614002,mortality,,,,education,101.677404,0.926024,0.00910747091851401
RUKUNGIRI,UGA,2016,registration,115.732083,36.769253,0.317710111551349,mortality,,,,education,340.759265,42.79329,0.125582176026821
Rajbari,BGD,2014,registration,315.908186,30.576039,0.096787738827382,mortality,2825.768527,160.51782,0.056805013739188,education,1492.0224,110.27337,0.07390865579498
Rajshahi,BGD,2014,registration,106.101536,17.40602,0.164050593951816,mortality,1838.232673,115.318421,0.0627333104746746,education,786.636832,186.24281,0.236758313905139
Ramechhap,NPL,2017,registration,47.866064,35.824494,0.748431999756654,mortality,,,,education,190.558726,14.77837,0.0775528379634528
Rangamati,BGD,2014,registration,86.830329,4.292236,0.0494324511888006,mortality,1799.266832,132.988013,0.0739123350882734,education,430.903964,85.960674,0.199489169702788
Rangpur,BGD,2014,registration,121.709448,32.93384,0.270593947644886,mortality,1973.977327,131.216733,0.0664732726182929,education,797.275078,138.873507,0.174185185053533
Rasuwa,NPL,2017,registration,10.079988,8.39999,0.833333333333333,mortality,,,,education,60.479928,12.599985,0.208333333333333
Rautahat,NPL,2017,registration,165.778666,82.794836,0.499429980936148,mortality,,,,education,535.470253,71.598104,0.133710703066824
Rolpa,NPL,2017,registration,73.268947,40.604205,0.554180272305538,mortality,,,,education,228.835208,7.400084,0.0323380482604757
Rukum,NPL,2017,registration,38.870701,21.474399,0.552457209351589,mortality,,,,education,161.722772,29.960529,0.185258567049543
Rumphi,MWI,2016,registration,217.509188,141.644102,0.651209741079995,mortality,4481.299624,255.850447,0.057092912428745,education,590.403153,121.422179,0.205659773974818
Rupandehi,NPL,2017,registration,185.71694,85.028666,0.457840119485062,mortality,,,,education,1005.120167,263.077759,0.261737618682165
SERERE,UGA,2016,registration,107.516135,44.761739,0.416325782172136,mortality,,,,education,192.834913,15.897408,0.0824405070258206
SHEEMA,UGA,2016,registration,90.304161,37.154779,0.411440387558664,mortality,,,,education,245.25277,23.188766,0.0945504754135906
SIRONKO,UGA,2016,registration,158.759306,14.776832,0.0930769500844253,mortality,,,,education,378.426972,15.10427,0.0399133019514264
SOROTI,UGA,2016,registration,166.423933,95.37372,0.573076950416741,mortality,,,,education,405.661478,121.546259,0.299624848776003
SSEMBABULE,UGA,2016,registration,224.103017,27.765753,0.123897274439639,mortality,,,,education,415.062839,21.732887,0.0523604740245127
Sahel,BFA,2011,registration,1353.924354,535.537365,0.39554452463893,mortality,10048.00097,2004.472869,0.199489716908337,education,2433.939387,11.863009,0.00487399524546993
Salima,MWI,2016,registration,608.043727,303.48913,0.499123856597241,mortality,6198.935217,395.794149,0.0638487312973641,education,1354.376488,94.590696,0.0698407694153651
Salyan,NPL,2017,registration,34.680492,14.102599,0.406643567801749,mortality,,,,education,176.875285,27.936508,0.157944667057356
Sankhuwasabha,NPL,2017,registration,35.852476,22.194388,0.619047565919855,mortality,,,,education,187.019254,27.353282,0.146259176073924
Saptari,NPL,2017,registration,154.951549,70.493056,0.454936116837399,mortality,,,,education,760.872318,139.263995,0.183032016943479
Sarlahi,NPL,2017,registration,179.433045,70.560869,0.393243446322833,mortality,,,,education,566.469059,47.95565,0.0846571392348545
Satkhira,BGD,2014,registration,61.197644,17.216055,0.281318918094298,mortality,1659.196968,114.322344,0.0689022136641224,education,546.389874,103.731456,0.189848789181624
Shariatpur,BGD,2014,registration,104.513138,19.582462,0.187368424436744,mortality,1969.779682,110.306681,0.0559995018772866,education,417.062432,19.582462,0.0469533108175037
Sherpur,BGD,2014,registration,79.359405,20.850178,0.262731027280257,mortality,1683.125633,125.585271,0.0746143178724912,education,446.583675,68.034864,0.152345165774365
Sindhuli,NPL,2017,registration,47.846714,42.528868,0.888856609881297,mortality,,,,education,222.810691,24.72699,0.110977574231391
Sindhupalchok,NPL,2017,registration,39.320653,38.777795,0.986194074650795,mortality,,,,education,305.825467,48.364915,0.158145479100993
Siraha,NPL,2017,registration,191.12443,83.937297,0.439176179622877,mortality,,,,education,750.94906,131.311293,0.174860453250984
Sirajganj,BGD,2014,registration,178.096747,24.214294,0.135961461440955,mortality,2210.713121,171.035893,0.0773668421177295,education,850.129461,112.471661,0.132299451036199
Sofala,MOZ,2011,registration,1096.340482,432.229358,0.39424737578923,mortality,6737.083462,627.300289,0.0931115507976469,education,2226.089183,172.629876,0.0775484995472439
Solukhumbu,NPL,2017,registration,22.039444,10.082928,0.45749466275102,mortality,,,,education,173.011988,29.805172,0.172272293640138
South East,NGA,2013,registration,2729.123743,1425.754799,0.522422188681241,mortality,32082.287873,3124.082144,0.0973771620143457,education,9494.430021,3751.490295,0.395125382640387
South South,NGA,2013,registration,2927.035493,1139.021591,0.389138291532155,mortality,32865.426837,2749.54956,0.0836608504626067,education,9908.02637,4867.95109,0.491313901297176
South West,NGA,2013,registration,4255.559838,2211.174053,0.519596513073399,mortality,38816.124156,3221.980188,0.0830062315096435,education,13520.569017,7012.854792,0.518680447781631
Sud-Ouest,BFA,2011,registration,613.833678,463.443224,0.754998040364934,mortality,6823.252798,1256.573684,0.184160505436398,education,1456.244685,7.715981,0.00529854706388165
Sunamganj,BGD,2014,registration,353.537516,77.763207,0.219957440103754,mortality,3090.125678,248.178611,0.0803134360414192,education,1141.894923,91.209713,0.0798757496533681
Sunsari,NPL,2017,registration,174.358161,110.365505,0.632981584383653,mortality,,,,education,872.962305,217.277952,0.248897290015289
Surkhet,NPL,2017,registration,70.613429,49.043678,0.694537550357454,mortality,,,,education,317.326547,43.990351,0.13862802030238
Syangja,NPL,2017,registration,52.926902,27.875159,0.526672787309562,mortality,,,,education,366.044525,92.174629,0.251812614872467
Sylhet,BGD,2014,registration,252.38732,79.224967,0.313902326788842,mortality,2640.365004,196.045978,0.0742495744728482,education,974.950056,136.691814,0.140203914199273
TORORO,UGA,2016,registration,376.023147,88.739773,0.235995506414928,mortality,,,,education,742.133315,98.072169,0.132148991317012
Tanahu,NPL,2017,registration,54.286178,38.893058,0.716444948472887,mortality,,,,education,372.744344,76.192292,0.204408982259433
Tangail,BGD,2014,registration,130.189304,10.616952,0.0815501095235904,mortality,1886.403211,139.482683,0.0739410758986457,education,857.388891,104.149964,0.121473423662542
Taplejung,NPL,2017,registration,17.090928,5.696976,0.333333333333333,mortality,,,,education,95.424348,15.666684,0.164179104477612
Terhathum,NPL,2017,registration,17.87892,5.95964,0.333333333333333,mortality,,,,education,88.202672,20.262776,0.22972972972973
Tete,MOZ,2011,registration,1353.538554,1031.951031,0.762409779869484,mortality,8610.776324,971.240269,0.11279357777451,education,2916.076813,86.328854,0.0296044513008513
Thakurgaon,BGD,2014,registration,57.566263,4.045329,0.0702725657213497,mortality,1669.023821,128.092806,0.0767471406868554,education,355.606788,61.902353,0.174075285087078
Thyolo,MWI,2016,registration,677.487249,520.106398,0.767699168903473,mortality,6931.334423,405.32983,0.0584778926053558,education,2161.797917,195.539343,0.0904521840188266
Udayapur,NPL,2017,registration,46.115472,31.680956,0.686991905883561,mortality,,,,education,302.503512,32.647202,0.107923381729201
WAKISO,UGA,2016,registration,798.035848,378.732407,0.474580694525392,mortality,,,,education,2114.874982,836.719044,0.395635227198503
YUMBE,UGA,2016,registration,143.799098,47.529657,0.330528199836135,mortality,,,,education,283.314507,25.795945,0.0910505616996168
ZOMBO,UGA,2016,registration,93.717432,47.324181,0.50496668538677,mortality,,,,education,180.459994,5.563893,0.0308317255069841
Zambezia,MOZ,2011,registration,2238.645181,602.926886,0.269326685227836,mortality,12834.359455,1660.976587,0.129416399223018,education,4499.375096,67.668873,0.0150396158480226
Zomba,MWI,2016,registration,125.655054,116.300421,0.925553070073887,mortality,4096.894346,213.840234,0.052195691648427,education,424.222937,164.549891,0.387885417426168
adamaoua,CMR,2011,registration,613.524495,334.921729,0.545897892797255,mortality,5356.202046,632.524962,0.118092065341779,education,1331.26023,49.70311,0.0373353825795577
alaotra mangoro,MDG,2009,registration,687.801659,597.342957,0.868481413476789,mortality,5716.552504,380.80701,0.0666148014443217,education,1885.243707,72.988367,0.0387156136519595
analamanga,MDG,2009,registration,1554.172875,1431.948532,0.921357305248298,mortality,10538.18316,561.0722,0.053241834145536,education,6031.6147,1038.667993,0.172203969361637
analanjirofo,MDG,2009,registration,687.720774,514.864485,0.748653384433026,mortality,5837.021254,347.68067,0.05956474284923,education,1953.681865,29.357123,0.0150265626793849
anamoroni'i mania,MDG,2009,registration,514.709213,455.434628,0.884838694348376,mortality,5047.542432,387.783525,0.0768262040833102,education,1197.152679,60.482635,0.0505220729660999
androy,MDG,2009,registration,478.686957,284.840124,0.595044673423178,mortality,4416.120647,302.835916,0.0685751002309516,education,852.804208,3.033682,0.0035573018654711
anosy,MDG,2009,registration,441.891791,302.73013,0.685077514825343,mortality,4579.552185,381.190036,0.0832374041393307,education,940.561498,15.309423,0.0162768973985792
arusha,TZA,2016,registration,360.346315,140.074813,0.388722756884582,mortality,1766.768153,82.826711,0.0468803509160831,education,1001.270811,185.90274,0.185666792597632
ashanti,GHA,2014,registration,1075.911058,872.147495,0.810613004221023,mortality,9051.661382,574.521082,0.06347134053672,education,3702.168789,762.744054,0.206026277425894
atsimo andrefana,MDG,2009,registration,946.934206,482.789945,0.509845290138352,mortality,6425.476764,468.937088,0.0729809016861305,education,1834.975565,55.664946,0.0303355243861245
atsimo atsinanana,MDG,2009,registration,588.094745,368.573963,0.626725482813148,mortality,5053.717991,440.409324,0.0871456074091017,education,1014.817425,8.947748,0.00881710126331345
atsinanana,MDG,2009,registration,592.761733,471.158142,0.794852494298919,mortality,5309.13062,306.634186,0.0577560071407699,education,2060.084995,146.149242,0.0709433068804037
ayeyarwaddy,MMR,2016,registration,612.265163,526.736688,0.860308114574208,mortality,3524.790748,313.518235,0.0889466233358372,education,4498.077762,352.362719,0.0783362888869505
badakhshan,AFG,2016,registration,885.124341,289.549702,0.327128843471722,mortality,6325.100507,528.629118,0.0835763981007045,education,2445.91428,229.021103,0.0936341493537541
badghis,AFG,2016,registration,753.342547,596.959467,0.792414379590325,mortality,4938.117954,323.550993,0.0655211147271028,education,1491.49644,44.922529,0.0301190990439106
baghlan,AFG,2016,registration,744.40766,123.452988,0.165840566444467,mortality,5731.233807,338.154163,0.0590019835845793,education,2224.837606,318.812904,0.143297157122937
bago,MMR,2016,registration,438.320135,346.662015,0.790887726387472,mortality,2309.510237,190.243842,0.0823741064023697,education,3336.269724,344.985309,0.103404501895723
balkh,AFG,2016,registration,1947.753977,793.673451,0.407481365907641,mortality,10309.170206,627.873835,0.0609044008832615,education,4997.845665,631.102102,0.12627482805634
bamyan,AFG,2016,registration,342.463865,214.180716,0.625411139362105,mortality,3067.424871,173.716478,0.0566326757151732,education,919.350031,94.065201,0.102317069481885
baringo,KEN,2014,registration,235.978372,163.790067,0.694089316795524,mortality,3143.352219,208.764865,0.0664147223903578,education,695.609873,174.603683,0.251008057500644
betsiboka,MDG,2009,registration,188.238561,143.597281,0.762847315858944,mortality,3449.488035,240.102919,0.0696053781209883,education,452.823394,5.359145,0.0118349561241971
boeny,MDG,2009,registration,450.152887,369.512371,0.820859716045762,mortality,4548.036684,346.014638,0.0760800015569971,education,1217.54415,69.504721,0.0570859964297804
bomet,KEN,2014,registration,464.958154,276.880346,0.595495193745973,mortality,4474.551192,279.050727,0.062363958981833,education,1364.526667,348.478902,0.255384457063161
bongolava,MDG,2009,registration,321.753096,254.277696,0.790288265011753,mortality,4314.805783,239.711988,0.0555556843240655,education,927.174573,12.239488,0.0132008451875438
brong ahafo,GHA,2014,registration,538.567375,310.707308,0.576914463116151,mortality,6307.183124,303.227288,0.0480764997683616,education,1688.308266,252.641694,0.149641922087231
bugesera,RWA,2015,registration,265.318328,190.898442,0.719507180069369,mortality,2873.577688,190.720779,0.0663704968884071,education,763.090137,50.013126,0.0655402600230437
bungoma,KEN,2014,registration,1008.016112,600.46595,0.595690825624422,mortality,6322.88461,426.794672,0.067499993804252,education,2287.769427,596.394882,0.260688369623885
burera,RWA,2015,registration,223.451835,160.895775,0.720046783236307,mortality,2713.749808,147.239066,0.0542566840782251,education,718.475211,35.211385,0.049008489730622
busia,KEN,2014,registration,450.275371,263.657402,0.58554702073634,mortality,4060.789254,334.842296,0.0824574423974774,education,1124.233968,182.806966,0.16260580199797
central,GHA,2014,registration,624.028685,512.749309,0.821675864147175,mortality,6851.326862,375.14414,0.05475496171124,education,1918.519187,378.917789,0.197505342436797
centre,CMR,2011,registration,1812.17123,1472.536066,0.812581085949588,mortality,10420.120569,1002.6207,0.0962196831947233,education,5917.664616,1267.94993,0.214265257035986
chin,MMR,2016,registration,66.249215,47.718872,0.720293395174569,mortality,642.01377,63.119312,0.0983145766484106,education,269.972979,32.597171,0.120742346588693
dakar,SEN,2017,registration,2329.671025,2213.245736,0.950025008788526,mortality,12787.126081,516.802384,0.0404158354837762,education,9417.06407,1571.384246,0.166865621208416
dar es salaam,TZA,2016,registration,738.534801,534.950867,0.724340770774321,mortality,3369.935837,291.95342,0.0866347117931789,education,2868.878912,1113.595547,0.388164011503599
daykundi,AFG,2016,registration,331.814276,88.193732,0.265792457947168,mortality,3061.02619,115.11836,0.0376077670867625,education,903.460268,69.123948,0.0765102245758084
diana,MDG,2009,registration,263.421533,221.850822,0.842189396870604,mortality,3873.177397,240.479784,0.0620885023717906,education,851.180249,34.62127,0.0406744282902175
diourbel,SEN,2017,registration,1524.086164,1026.624462,0.673600014388688,mortality,9867.983299,674.063207,0.0683081017241191,education,3387.807969,92.73099,0.0273719735145945
dodoma,TZA,2016,registration,451.92707,55.874383,0.123635840181027,mortality,2278.234819,203.532619,0.0893378581095244,education,1249.028995,97.499529,0.0780602607227705
eastern,GHA,2014,registration,567.95672,366.567974,0.645415330238544,mortality,6551.25214,329.441114,0.050286740146747,education,2005.534045,325.095593,0.162099264188756
elgeyo marak,KEN,2014,registration,176.407126,143.442274,0.813131970643862,mortality,2876.635712,190.909554,0.0663655648866533,education,533.733221,161.91064,0.303354997645912
embu,KEN,2014,registration,208.820226,202.664077,0.970519383500715,mortality,3036.368355,225.660628,0.0743192530077597,education,1064.292243,263.748746,0.247816093497545
est,CMR,2011,registration,494.2863,288.982786,0.584646562124016,mortality,4914.173492,510.141221,0.103810177200801,education,1263.100614,62.089052,0.0491560619255625
extrme-nord,CMR,2011,registration,2534.405517,1024.355402,0.404179755421516,mortality,14873.037552,2200.209063,0.147932730977616,education,5107.224112,73.242154,0.0143408928987293
farah,AFG,2016,registration,826.230006,339.485536,0.410885024187805,mortality,5099.645798,169.167994,0.0331724987775318,education,1395.256229,96.101076,0.0688770091131412
faryab,AFG,2016,registration,2398.582618,1252.814457,0.522314490065232,mortality,11918.328625,879.629751,0.0738047908122688,education,5617.263016,744.51545,0.13254060703217
fatick,SEN,2017,registration,617.134491,516.925148,0.837621548525636,mortality,5684.896598,316.246155,0.0556291833190525,education,1559.72449,80.091053,0.0513494873700419
gakenke,RWA,2015,registration,179.758378,141.172302,0.785344769855456,mortality,2564.421961,154.705559,0.0603276533085344,education,779.258704,50.525232,0.0648375587473708
garissa,KEN,2014,registration,228.905662,167.535401,0.731897147218665,mortality,3190.530197,246.343555,0.0772108520494909,education,543.554444,64.13163,0.117985660328812
gasabo,RWA,2015,registration,463.768553,267.567188,0.576941205412002,mortality,3638.828874,169.679741,0.0466303162021133,education,1497.227061,354.880836,0.237025395308427
gatsibo,RWA,2015,registration,379.861552,195.712194,0.51521980302971,mortality,3530.946144,301.873417,0.0854936339125313,education,1095.072965,33.83373,0.0308963247942113
geita,TZA,2016,registration,475.463673,63.226318,0.132978230704914,mortality,2307.057869,169.353145,0.0734065440124423,education,907.312763,64.478755,0.071065632083476
ghazni,AFG,2016,registration,743.861329,196.843781,0.264624296661078,mortality,6603.905723,363.014631,0.054969687064989,education,3007.312618,215.837125,0.0717707642724359
ghor,AFG,2016,registration,864.719634,289.578712,0.334881620139089,mortality,5758.983612,575.261947,0.0998894919237704,education,1720.350352,200.985645,0.116828322071922
gicumbi,RWA,2015,registration,276.148838,193.046508,0.699066885083181,mortality,2898.164324,165.561032,0.0571261714282285,education,879.765488,56.352521,0.0640540254973039
gisagara,RWA,2015,registration,257.812718,109.698018,0.425494982757212,mortality,2908.71277,221.930675,0.076298587226954,education,742.077868,24.757018,0.0333617522736846
greater accra,GHA,2014,registration,933.923504,742.647462,0.79519088963843,mortality,8058.355466,364.268,0.0452037641596884,education,4264.145405,1432.367805,0.335909700293159
haute matsiatra,MDG,2009,registration,824.17443,770.717025,0.935138238879845,mortality,6350.53149,532.494143,0.0838503271479723,education,1701.766078,79.120164,0.0464929728138581
helmand,AFG,2016,registration,930.845316,164.212513,0.176412246135211,mortality,6422.742675,56.553308,0.00880516484338211,education,2150.47868,181.265462,0.0842907505597777
herat,AFG,2016,registration,2060.2471,964.305058,0.468053107804399,mortality,12218.200549,677.29045,0.0554329131596578,education,5410.907029,487.233563,0.0900465597336361
homa bay,KEN,2014,registration,673.617146,160.216554,0.237845124565757,mortality,5328.59276,545.281886,0.102331311578782,education,1568.91486,288.091975,0.183624989695107
huye,RWA,2015,registration,207.042372,140.86059,0.680346678022023,mortality,2634.211333,153.165331,0.0581446632930419,education,829.821212,102.82042,0.1239067144984
ihorombe,MDG,2009,registration,286.998719,212.989735,0.742127824619315,mortality,3834.92184,291.931772,0.0761245689429749,education,616.384161,13.737809,0.0222877385066356
iringa,TZA,2016,registration,178.222329,39.312968,0.220583852879624,mortality,958.849266,56.497321,0.0589220047439657,education,566.802594,101.300312,0.178722386016462
isiolo,KEN,2014,registration,82.349522,65.471508,0.795044177669908,mortality,2441.172598,182.195738,0.0746345170961156,education,207.333184,36.756472,0.177282146981353
itasy,MDG,2009,registration,593.442908,552.033178,0.930221206721372,mortality,5596.88982,414.976442,0.074144114918453,education,1417.504364,27.444413,0.0193610783127014
jawzjan,AFG,2016,registration,602.047327,224.18505,0.372371140848866,mortality,4986.261328,267.354304,0.0536181893433244,education,1879.116432,390.123882,0.207610276487647
kabul,AFG,2016,registration,3739.815871,2667.102564,0.713164138556061,mortality,18948.741002,753.693016,0.0397753611134613,education,10618.331935,2589.602608,0.243880359349493
kachin,MMR,2016,registration,171.454414,158.426625,0.924016018625219,mortality,1168.310696,86.218993,0.0737980002196265,education,964.644978,108.932723,0.112925195781199
kaffrine,SEN,2017,registration,650.620094,401.398058,0.616946912186822,mortality,5807.462072,361.872178,0.0623115869744074,education,1172.720305,9.030814,0.00770073986226409
kagera,TZA,2016,registration,566.727085,60.611118,0.106949393463346,mortality,2654.667183,201.846388,0.076034536190671,education,1260.656135,83.106877,0.0659235097443919
kajiado,KEN,2014,registration,447.332148,356.190814,0.796255792463188,mortality,3891.792578,208.954409,0.0536910446310019,education,1332.211661,605.022193,0.454148699273396
kakamega,KEN,2014,registration,876.085153,344.824129,0.393596590262043,mortality,5739.21632,388.09091,0.0676208890484895,education,2396.087448,536.347011,0.223842836557441
kamonyi,RWA,2015,registration,246.850563,141.372534,0.572704928365912,mortality,2739.207731,160.764128,0.0586900095894918,education,877.499388,59.184783,0.0674470931938701
kandahar,AFG,2016,registration,2608.810933,1208.70245,0.463315464800684,mortality,15470.559793,1178.551254,0.0761802591353716,education,5712.798171,293.818638,0.0514316503410742
kaolack,SEN,2017,registration,815.104054,641.337825,0.786817120897303,mortality,6486.086925,404.954601,0.0624343468847359,education,1946.443205,73.822569,0.0379269062720995
kapisa,AFG,2016,registration,196.214974,145.178528,0.739895253865793,mortality,2484.841294,97.391311,0.039194177606097,education,561.687819,130.80381,0.232876351552142
karongi,RWA,2015,registration,219.215783,150.950275,0.688592184988797,mortality,2604.759496,155.946233,0.0598697243409531,education,797.273852,82.305679,0.10323388731931
kaskazini pemba,TZA,2016,registration,54.784499,47.293726,0.863268385460639,mortality,429.84757,21.837523,0.0508029462630206,education,118.227244,17.641674,0.149218347676277
kaskazini unguja,TZA,2016,registration,46.7776,43.269567,0.925006135415241,mortality,395.138613,21.702347,0.0549233769770812,education,121.000919,14.576026,0.120462109878686
katavi,TZA,2016,registration,136.704502,5.237042,0.0383092138399363,mortality,783.574179,47.486628,0.060602594205698,education,243.498001,15.018271,0.0616771839535553
kayah,MMR,2016,registration,33.63744,32.617194,0.969669332743514,mortality,477.25809,39.097449,0.0819209769707623,education,159.841024,17.109548,0.10704103096837
kayin,MMR,2016,registration,195.106667,168.749124,0.864907010071573,mortality,1077.335435,93.153382,0.0864664606525265,education,842.63911,79.888694,0.0948077214218077
kayonza,RWA,2015,registration,263.452182,144.722699,0.54933194290264,mortality,2841.391229,207.576181,0.0730544174562876,education,741.121657,36.147376,0.0487738762706269
kedougou,SEN,2017,registration,156.356213,123.594295,0.790466158194814,mortality,3533.94819,223.680351,0.0632947454161743,education,300.503515,8.81569,0.0293363956158716
kericho,KEN,2014,registration,329.635106,208.550406,0.632670495963497,mortality,3822.286836,249.722983,0.065333396920398,education,1189.897891,380.398033,0.319689643857012
khost,AFG,2016,registration,994.426515,369.020849,0.371089108580336,mortality,6244.322249,245.443927,0.039306736137666,education,1906.771321,215.909245,0.113232899311055
kiambu,KEN,2014,registration,688.415671,673.689696,0.978608890499821,mortality,5796.876453,313.94948,0.0541583872876099,education,3683.453268,1784.01264,0.484331552540278
kicukiro,RWA,2015,registration,189.437447,135.613463,0.715874633804583,mortality,2536.58479,131.386492,0.0517966095665188,education,855.832817,287.176353,0.335551929413803
kigoma,TZA,2016,registration,547.092077,101.681428,0.185857979442097,mortality,2476.149539,145.734921,0.0588554603446347,education,1056.818871,108.275662,0.102454323036024
kilifi,KEN,2014,registration,725.849097,611.192975,0.842038624179758,mortality,5550.194775,349.4359,0.0629592138953358,education,2017.817069,468.173715,0.232019900214255
kilimanjaro,TZA,2016,registration,193.448366,132.17893,0.683277572889915,mortality,1038.169375,54.327988,0.0523305631125942,education,909.218755,163.862916,0.180223862628087
kirehe,RWA,2015,registration,235.328379,135.300312,0.574942608175617,mortality,2747.376758,194.807666,0.0709067896977529,education,718.220068,36.024373,0.0501578479981988
kirinyaga,KEN,2014,registration,188.059318,179.601251,0.955024472650699,mortality,3048.670456,212.58208,0.0697294388055696,education,1076.544022,274.427256,0.254915034027285
kisii,KEN,2014,registration,488.472855,353.461532,0.723605269733976,mortality,4610.354364,266.198988,0.0577393768424001,education,1636.747733,586.152984,0.35812054123065
kisumu,KEN,2014,registration,537.881403,411.367195,0.764791630098429,mortality,4495.8151,339.646984,0.0755473649261065,education,1635.437125,615.410366,0.376297172537281
kitui,KEN,2014,registration,507.076082,360.454347,0.710848647363336,mortality,4506.216164,262.343289,0.0582180879594395,education,1639.28801,248.805367,0.151776481913023
kolda,SEN,2017,registration,604.64466,442.982379,0.732632582912417,mortality,5896.0593,441.971566,0.0749605021781243,education,1367.10785,40.921632,0.029932994679242
kunarha,AFG,2016,registration,784.488343,280.444232,0.357486805893813,mortality,4932.874274,164.379123,0.0333231933086969,education,1472.776724,230.522621,0.156522449902596
kunduz,AFG,2016,registration,1142.823843,309.588411,0.270897752874412,mortality,7818.414845,293.643082,0.0375578794194823,education,3393.282518,259.563949,0.0764934683814618
kusini pemba,TZA,2016,registration,49.406381,41.251286,0.834938426273319,mortality,406.839524,18.232454,0.0448148543207911,education,112.73222,18.909577,0.167738886007922
kusini unguja,TZA,2016,registration,28.695852,26.455259,0.921919272513672,mortality,308.759633,13.756414,0.0445537969660691,education,73.534334,12.93257,0.175871178761203
kwale,KEN,2014,registration,408.315515,298.085988,0.730038357714622,mortality,4156.085662,283.409664,0.0681914876277158,education,1248.913107,232.202584,0.185923730561025
laghman,AFG,2016,registration,773.277978,39.715232,0.0513595797758513,mortality,5104.797126,231.202137,0.0452911509102742,education,1408.440229,136.654311,0.0970252824268058
laikipia,KEN,2014,registration,214.679693,158.876921,0.740064972051176,mortality,3058.914163,203.63939,0.0665724434059577,education,697.509149,223.557763,0.320508717800345
lamu,KEN,2014,registration,56.449704,42.3812,0.750778073167576,mortality,2321.361961,186.563492,0.0803681179989836,education,197.616188,34.865616,0.176430971333178
lindi,TZA,2016,registration,206.033742,39.61193,0.192259430981941,mortality,1012.477594,71.660872,0.0707777361441541,education,639.916391,50.23509,0.0785025836289291
littoral,CMR,2011,registration,1322.609315,1192.971123,0.901983003953061,mortality,8269.198094,763.162058,0.0922897298292731,education,4830.901738,807.304477,0.167112584934138
logar,AFG,2016,registration,421.646964,115.252893,0.273339790963134,mortality,4156.348119,129.106127,0.0310623949928098,education,1204.7789,198.638925,0.164875833233799
louga,SEN,2017,registration,793.985525,504.573907,0.635495095455298,mortality,6382.330364,379.040783,0.0593890885276023,education,1898.797985,35.393688,0.0186400492730668
machakos,KEN,2014,registration,497.080587,385.292625,0.775110988190734,mortality,4434.46806,269.465283,0.0607660894957489,education,2092.275178,647.55197,0.309496559921431
magway,MMR,2016,registration,342.563976,316.425773,0.923698331315491,mortality,2022.203574,138.676176,0.068576763379808,education,2792.812421,272.758932,0.097664608603515
makueni,KEN,2014,registration,384.843705,230.599507,0.599203011518663,mortality,3915.299538,220.247488,0.0562530365460892,education,1494.006162,337.813369,0.226112433530913
mandalay,MMR,2016,registration,457.811489,426.454268,0.931506260210958,mortality,2554.304781,182.561851,0.0714722269472196,education,4084.402973,486.447408,0.119098779237912
mandera,KEN,2014,registration,164.73139,119.640688,0.726277414401712,mortality,2896.459592,186.219538,0.0642921235684893,education,358.078718,26.556131,0.0741628297496307
manyara,TZA,2016,registration,349.225505,59.883984,0.171476547796817,mortality,1759.601763,69.837412,0.0396893282721722,education,835.320386,84.158607,0.10075009350963
mara,TZA,2016,registration,514.356207,59.313013,0.115315052472965,mortality,2360.157054,200.631598,0.0850077318625763,education,991.332593,103.68186,0.104588369969997
marsabit,KEN,2014,registration,94.247424,47.934042,0.508597900776577,mortality,2478.487536,182.741166,0.0737309199040491,education,254.437975,38.071378,0.149629307496257
matam,SEN,2017,registration,483.867758,349.776452,0.722876129308041,mortality,5182.820019,339.32305,0.0654707376980208,education,1074.744521,25.85038,0.0240525813296982
mbeya,TZA,2016,registration,580.522965,236.560829,0.407496073820267,mortality,2699.987388,225.494807,0.0835169853023032,education,1681.017785,239.899028,0.142710582922238
melaky,MDG,2009,registration,132.044415,100.139289,0.758375801051487,mortality,3211.340979,207.965562,0.0647597260334403,education,342.606197,6.937773,0.0202499927343696
menabe,MDG,2009,registration,324.963227,196.19406,0.603742342822069,mortality,4096.722742,302.253419,0.0737793202115605,education,859.631478,26.676672,0.0310326839846132
meru,KEN,2014,registration,559.550312,466.686067,0.834037720990494,mortality,4933.25293,348.513462,0.0706457720585594,education,2655.885741,575.289187,0.216609162856302
migori,KEN,2014,registration,542.219826,281.984034,0.520054819979969,mortality,4974.100264,496.801285,0.0998776177865964,education,1194.928774,166.317939,0.139186487612357
mjini magharibi,TZA,2016,registration,105.928041,102.468228,0.967338081896558,mortality,611.246295,29.973316,0.0490363970222511,education,368.4982,148.568976,0.403174224460255
mombasa,KEN,2014,registration,460.15879,418.939347,0.910423436657594,mortality,4260.762793,273.704583,0.0642383996240459,education,2093.487459,877.52287,0.419167961206306
mon,MMR,2016,registration,201.12536,175.172605,0.870962294362083,mortality,1110.820558,71.296974,0.0641840605906395,education,1203.819576,132.787016,0.110304748857149
morogoro,TZA,2016,registration,461.782151,149.800242,0.324395911958927,mortality,2230.419886,137.160684,0.0614954542240841,education,1421.975497,141.037714,0.0991843490253897
mtwara,TZA,2016,registration,229.928775,71.792607,0.312238461671446,mortality,1320.368877,90.260702,0.0683602162791664,education,1003.990151,65.617608,0.0653568244017565
muhanga,RWA,2015,registration,197.737328,147.088139,0.743856208070132,mortality,2570.146545,132.255874,0.0514584953364984,education,756.951416,61.96735,0.0818643689544271
muranga,KEN,2014,registration,318.853531,295.919774,0.928074320117848,mortality,3678.726932,240.99682,0.0655109293118906,education,1782.160227,473.042111,0.265431864000408
musanze,RWA,2015,registration,233.536039,127.872579,0.547549661061092,mortality,2864.534696,181.954592,0.0635197724272913,education,885.053147,83.320383,0.0941416719237992
mwanza,TZA,2016,registration,818.551801,316.954442,0.387213663952344,mortality,3353.620307,261.161006,0.0778743513256046,education,1683.851475,250.660563,0.148861444564165
nairobi,KEN,2014,registration,1762.55136,1429.542413,0.811064259143064,mortality,10385.490869,704.774354,0.0678614388948822,education,7600.93333,4530.973244,0.596107484079195
nakuru,KEN,2014,registration,861.041757,750.029402,0.871072042560649,mortality,6332.344985,419.785942,0.0662923360926142,education,3179.329176,1118.324519,0.351748578738548
nandi,KEN,2014,registration,424.051555,323.778725,0.763536228513535,mortality,4015.933566,242.031619,0.0602678343708438,education,1312.774054,320.467933,0.244115072219427
nangarhar,AFG,2016,registration,994.043353,453.181067,0.45589668260676,mortality,6055.299711,322.360717,0.0532361290745696,education,2184.550163,342.569651,0.156814733212423
narok,KEN,2014,registration,635.921685,272.875099,0.42910173601015,mortality,4916.534277,291.192689,0.0592272264554782,education,1300.446056,276.576062,0.212677842901621
naypyitaw,MMR,2016,registration,103.098274,79.950239,0.775476018153321,mortality,853.022878,73.608729,0.0862916234703848,education,783.038187,107.831488,0.137709105111626
ngoma,RWA,2015,registration,314.830213,171.39758,0.544412743512644,mortality,3041.175311,201.558534,0.0662765258125562,education,872.63966,59.697629,0.0684104009208108
ngororero,RWA,2015,registration,260.259262,136.021006,0.52263656230609,mortality,2862.302509,193.445265,0.067583794651944,education,748.667918,51.166328,0.0683431555831674
nimroz,AFG,2016,registration,276.828812,214.735873,0.775699145795561,mortality,2811.8619,82.140008,0.029211963788122,education,597.283782,34.948062,0.0585116540130668
njombe,TZA,2016,registration,129.82749,22.818588,0.175760834627551,mortality,858.332869,51.343894,0.0598181612919218,education,439.68048,44.318991,0.100798177349151
nooristan,AFG,2016,registration,308.509478,0.382771,0.00124071066627003,mortality,2797.599617,258.951891,0.092562169878221,education,522.140621,32.85889,0.0629311121917098
nord,CMR,2011,registration,1489.245284,654.750134,0.439652313177982,mortality,10433.777116,1678.175528,0.16084065332645,education,3223.074815,53.540252,0.0166115448983147
nord-ouest,CMR,2011,registration,937.697875,714.926494,0.762427337270014,mortality,6878.96156,574.923126,0.0835770226342128,education,2696.476374,254.09292,0.0942314653486372
northern,GHA,2014,registration,731.562083,503.423793,0.688149105453296,mortality,7141.491116,481.814265,0.0674668997235787,education,1717.045238,184.549828,0.107481051701912
nyabihu,RWA,2015,registration,187.545653,81.418854,0.434128185311765,mortality,2518.167113,163.62122,0.06497631517595,education,554.18162,22.174855,0.0400136962319321
nyagatare,RWA,2015,registration,404.222422,183.316917,0.453505068058793,mortality,3463.315645,260.988078,0.0753578664932806,education,1107.291876,53.849894,0.0486320681720598
nyamagabe,RWA,2015,registration,201.03164,96.60432,0.480542863799947,mortality,2608.469471,147.469188,0.0565347571207975,education,758.982404,42.981421,0.0566303260437643
nyamasheke,RWA,2015,registration,315.000052,224.982266,0.714229297968497,mortality,2932.488468,123.086289,0.0419733241385759,education,827.006488,41.714922,0.0504408642559525
nyamira,KEN,2014,registration,194.030653,137.041902,0.7062899592468,mortality,3085.7051,210.857989,0.068333810965928,education,731.023537,313.779213,0.429232708823163
nyandarua,KEN,2014,registration,259.979926,221.010209,0.850104900022166,mortality,3329.012901,245.072973,0.0736173094812527,education,1043.267707,240.761656,0.230776486595497
nyanza,RWA,2015,registration,246.451721,99.036142,0.401848043901467,mortality,2755.708421,165.227406,0.0599582324243295,education,722.82166,28.566373,0.0395206377739151
nyarugenge,RWA,2015,registration,236.06346,137.130301,0.580904393250866,mortality,2703.115255,152.203032,0.0563065269667904,education,773.631013,167.18683,0.216106680304452
nyaruguru,RWA,2015,registration,184.08968,112.610052,0.611713008572778,mortality,2581.18357,175.904594,0.068148812058338,education,560.802852,29.087665,0.051867897775955
nyeri,KEN,2014,registration,272.967238,263.118006,0.963917896989528,mortality,3229.463133,209.879836,0.0649890794093174,education,1415.036083,586.635704,0.414572964638669
ouest,CMR,2011,registration,1422.073982,1257.615005,0.884352727719056,mortality,8293.719889,825.285467,0.0995072751485832,education,3314.65778,266.801182,0.0804913205851375
paktika,AFG,2016,registration,846.379411,217.280658,0.256717797214942,mortality,5202.954513,109.335402,0.0210140991482468,education,2014.937195,205.84927,0.102161630898873
paktya,AFG,2016,registration,595.970285,432.371048,0.725490949603301,mortality,4242.723333,160.788964,0.037897584023304,education,1320.587002,100.530418,0.0761255546569434
panjsher,AFG,2016,registration,36.649664,23.863051,0.651112408561235,mortality,1669.591778,50.913871,0.0304948021851123,education,168.430747,35.055344,0.208129125022523
parwan,AFG,2016,registration,595.04097,404.19124,0.679266236071106,mortality,4803.820009,284.811797,0.0592886070806988,education,1766.893669,262.286749,0.148445123553159
pwani,TZA,2016,registration,218.440183,92.42274,0.423103198004554,mortality,1113.772207,86.192652,0.0773880434960432,education,654.885849,82.822533,0.126468655761105
rakhine,MMR,2016,registration,325.848433,148.203179,0.454822438872984,mortality,1901.316666,127.47094,0.0670435084694093,education,1959.357992,152.193402,0.0776751377856426
rubavu,RWA,2015,registration,335.960975,113.990307,0.33929627391991,mortality,3157.940482,204.346519,0.0647087936472389,education,915.407774,125.94327,0.137581604151856
ruhango,RWA,2015,registration,215.765686,79.792613,0.369811411996252,mortality,2698.421125,180.843137,0.0670181297220611,education,794.035314,35.405586,0.0445894349731654
rukwa,TZA,2016,registration,284.922968,17.411721,0.0611102752516603,mortality,1481.759712,131.072482,0.0884573125713382,education,537.50722,55.938576,0.104070371371012
rulindo,RWA,2015,registration,206.176105,155.771539,0.755526635833964,mortality,2530.592644,153.236222,0.0605534922277281,education,688.860867,36.251882,0.0526258403353315
rusizi,RWA,2015,registration,314.194686,285.006355,0.9071011309211,mortality,3090.670078,178.20475,0.0576589365744654,education,921.233575,72.170766,0.0783414412571752
rutsiro,RWA,2015,registration,237.223111,64.67441,0.272631151861085,mortality,2684.641184,167.237734,0.0622942592837763,education,667.987527,23.050179,0.0345069003062388
ruvuma,TZA,2016,registration,268.637772,20.75612,0.0772643394317609,mortality,1332.625134,84.666217,0.0635334084881518,education,806.625899,63.01435,0.0781209109180859
rwamagana,RWA,2015,registration,282.861849,179.966948,0.636236200237806,mortality,2920.766199,200.9421,0.0687977353575229,education,802.952412,57.736018,0.0719046572837246
sagaing,MMR,2016,registration,507.767551,438.335801,0.863260758070773,mortality,2912.097139,219.049393,0.0752204966195669,education,3616.086246,247.799078,0.0685268716347978
saint-louis,SEN,2017,registration,754.564896,541.291166,0.717355351235422,mortality,6197.751005,342.397724,0.055245479162324,education,2090.277079,93.153186,0.0445649942468704
samangan,AFG,2016,registration,338.941079,65.35103,0.192809411573272,mortality,3173.534261,178.941824,0.0563856600507014,education,901.497361,66.58035,0.0738552910750007
samburu,KEN,2014,registration,116.966716,78.40585,0.670326163555793,mortality,2578.793691,181.176633,0.0702563503363248,education,231.919044,38.444988,0.165768999979148
sar-e-pul,AFG,2016,registration,610.13455,323.083021,0.529527496844754,mortality,4487.923123,265.09807,0.0590692092387697,education,1787.322894,74.092248,0.0414543159765512
sava,MDG,2009,registration,585.649749,438.141257,0.748128480799537,mortality,5145.310682,334.40633,0.0649924466504742,education,1546.706941,32.953468,0.021305566766704
sedhiou,SEN,2017,registration,418.151475,319.752667,0.764681427944263,mortality,4745.389649,323.453697,0.0681616728919535,education,890.53423,28.055453,0.031504070315186
shan,MMR,2016,registration,662.359042,423.002602,0.638630372920915,mortality,3296.926106,308.596738,0.0936013511004666,education,3510.234005,231.311761,0.0658963934229222
shinyanga,TZA,2016,registration,469.919937,38.160189,0.0812057246253844,mortality,2188.925368,223.705743,0.102198890044569,education,932.91457,91.254834,0.0978169244371433
siaya,KEN,2014,registration,395.850414,266.388177,0.672951619042642,mortality,4031.726831,333.513592,0.0827222691367902,education,1236.819625,256.133812,0.207090675812975
simiyu,TZA,2016,registration,529.905635,23.789552,0.0448939404088428,mortality,2290.710491,131.763479,0.057520790827862,education,928.458735,68.563575,0.0738466583547194
singida,TZA,2016,registration,364.392041,68.700885,0.188535635442158,mortality,1666.99121,78.714403,0.047219446945974,education,869.679423,71.321968,0.0820094923644066
sofia,MDG,2009,registration,749.8497,631.389781,0.842021782498546,mortality,6182.035715,373.15458,0.0603611168234734,education,1819.784979,31.549295,0.0173368257041757
sud,CMR,2011,registration,313.562397,200.636506,0.639861500994968,mortality,3929.673387,428.277876,0.108985616315293,education,953.814554,74.206931,0.0778001663832863
sud-ouest,CMR,2011,registration,700.755701,372.546753,0.531635707662976,mortality,5838.561214,670.03077,0.114759569257126,education,2443.317556,373.829081,0.153000611845151
tabora,TZA,2016,registration,704.763684,64.39221,0.0913670943351275,mortality,3211.689678,200.123609,0.0623110041953437,education,1353.639296,83.965827,0.0620296908106308
taita taveta,KEN,2014,registration,119.600653,100.355952,0.839092007298656,mortality,2637.76185,195.61088,0.0741579001910275,education,506.182429,153.912399,0.304065076506241
takhar,AFG,2016,registration,1169.663661,336.66117,0.287827331245097,mortality,7162.530149,545.157419,0.0761124082774175,education,2969.591211,256.176479,0.0862665804138521
tambacounda,SEN,2017,registration,788.22599,482.415579,0.612026988605133,mortality,6187.005846,434.247,0.07018693869196,education,1548.37241,39.067525,0.0252313492204372
tana river,KEN,2014,registration,183.538005,83.790368,0.456528706411514,mortality,2893.66671,225.025287,0.0777647564670639,education,399.748407,53.456536,0.133725450968464
tanga,TZA,2016,registration,440.77582,139.308857,0.316053764019995,mortality,2021.602546,120.50161,0.0596069738032473,education,1346.839988,197.417443,0.146578245937854
taninthayi,MMR,2016,registration,155.871337,137.813681,0.884150246302179,mortality,961.759252,81.236998,0.0844670824128448,education,756.182546,55.946744,0.0739857648076421
tharaka,KEN,2014,registration,148.804662,137.424848,0.92352515138269,mortality,2799.073431,201.627081,0.0720335089344071,education,683.700498,139.464439,0.203984697112214
this,SEN,2017,registration,1501.047081,1294.814215,0.862607330169412,mortality,9509.435031,508.580024,0.0534816234973024,education,4343.896556,254.357146,0.0585550651865017
trans-nzoia,KEN,2014,registration,581.13875,407.567719,0.701326006913151,mortality,4580.002105,307.418876,0.0671219944777733,education,1544.534787,348.961691,0.22593320262977
turkana,KEN,2014,registration,370.901801,119.196471,0.321369350805606,mortality,3546.131675,258.446758,0.0728813201782757,education,690.600669,47.102276,0.068204793470885
uasin gishu,KEN,2014,registration,499.929869,333.743751,0.667581138265616,mortality,4360.107629,250.358205,0.0574201892023982,education,1733.239098,620.048819,0.357739921581206
upper east,GHA,2014,registration,239.653108,171.277687,0.714690030224853,mortality,5097.323918,253.881281,0.0498067780435687,education,811.149447,88.416622,0.10900164245566
upper west,GHA,2014,registration,155.202179,117.078929,0.754363951294782,mortality,4774.098679,248.628239,0.0520785714157208,education,524.838676,59.396028,0.113170066757809
urozgan,AFG,2016,registration,378.063524,19.544097,0.0516952727764343,mortality,3127.009778,226.355951,0.0723873499189295,education,495.361604,14.966736,0.0302137587555131
vakinankaratra,MDG,2009,registration,1222.937555,1111.087352,0.908539726707469,mortality,8491.075089,585.700801,0.0689784031893396,education,3039.994763,147.692053,0.0485829958648518
vatovavy fitovinany,MDG,2009,registration,810.787256,649.163041,0.800657677086133,mortality,6277.261739,767.528059,0.122271157538553,education,1600.966792,22.314481,0.0139381285804959
vihiga,KEN,2014,registration,256.85087,194.513561,0.757301546224079,mortality,3172.662475,259.757343,0.0818736140534458,education,818.828761,163.313734,0.199447969805741
volta,GHA,2014,registration,471.239705,232.90258,0.494233778539523,mortality,6110.847289,305.41752,0.0499795700262017,education,1666.783542,245.104133,0.147052167737327
wajir,KEN,2014,registration,269.668408,138.355825,0.513059078837296,mortality,3251.522059,211.024276,0.0649001520429175,education,462.475413,27.577296,0.0596297559282357
wardak,AFG,2016,registration,350.280529,172.812642,0.493354976062629,mortality,3122.413174,168.484979,0.0539598604063538,education,1105.627169,122.785719,0.111055265683327
west pokot,KEN,2014,registration,285.400939,66.331477,0.232415062236358,mortality,3411.965357,198.843502,0.0582782886678647,education,604.771603,67.089716,0.110933971878306
western,GHA,2014,registration,613.841878,375.971246,0.612488752355863,mortality,6702.254126,323.235371,0.0482278596011565,education,2110.773565,398.194805,0.188648754941177
yangon,MMR,2016,registration,490.250446,449.396357,0.916666900900688,mortality,2621.677483,140.960321,0.0537672241967377,education,4790.87838,968.377785,0.202129486117324
zabul,AFG,2016,registration,26.436,7.757058,0.293427825692238,mortality,1538.042752,43.884708,0.0285328271551193,education,55.352562,8.54258,0.154330345178964
ziguinchor,SEN,2017,registration,463.549137,400.174925,0.863284802102868,mortality,4694.93211,291.950959,0.0621842770373947,education,1307.069239,117.158022,0.0896341360535989
